"days","population","shelter","food_days","water_days","urgent"
"0.0166666666666666","50","50","3","0.666666666666667","0"
"1.00000000000011","50","50","2.88","0.946666666666667","1"
"2.00000000000001","50","60","2.93","2.56666666666667","2"
"3.01666666666575","55","70","3.01818181818182","2.8","1"
"4.01666666666484","60","70","2.94166666666667","2.82777777777778","1"
"5.01666666666393","65","80","2.98461538461538","2.81538461538462","1"
"6.01666666666302","70","80","3","2.8047619047619","2"
"7.01666666666297","75","90","2.95333333333333","2.84","1"
"8.01666666666661","80","90","2.95625","2.8625","4"
"9.00000000000352","85","100","2.93529411764706","2.82352941176471","7"
"10.0000000000072","90","100","2.96111111111111","2.82962962962963","4"
"11.0000000000108","95","110","2.92105263157895","2.86315789473684","7"
"12.0000000000144","100","110","2.965","2.83","7"
"13.0000000000181","105","120","2.94761904761905","2.81269841269841","5"
"14.0000000000217","110","120","2.97727272727273","2.76969696969697","11"
"15.0000000000254","115","120","2.9695652173913","2.81739130434783","7"
"16.000000000029","120","120","2.96666666666667","2.80277777777778","5"
"17.0000000000326","120","120","2.96666666666667","2.82777777777778","8"
"18.0000000000363","120","120","2.97083333333333","2.825","10"
"19.0000000000399","120","120","2.96666666666667","2.84722222222222","9"
"20.0000000000435","120","120","2.96666666666667","2.82777777777778","10"
"21.0000000000472","120","120","2.97083333333333","2.825","8"
"22.0000000000508","120","120","2.96666666666667","2.81666666666667","12"
"23.0000000000545","120","120","2.96666666666667","2.84444444444444","7"
"24.0000000000581","120","120","3","2.83611111111111","7"
"25.0000000000617","120","120","2.96666666666667","2.86388888888889","7"
"26.0000000000654","120","120","3","2.81388888888889","13"
"27.000000000069","120","120","3","2.83888888888889","10"
"28.00000000006","120","120","3","2.81111111111111","13"
"29.0000000000455","120","120","3","2.83055555555556","10"
"30.0000000000309","120","120","3","2.83055555555556","9"
"31.0000000000164","120","120","3","2.85","9"
"32.0000000000018","120","120","3.00416666666667","2.825","8"
"33.0166666666537","120","120","3","2.825","10"
"34.0166666666391","120","120","3.00416666666667","2.825","7"
"35.0166666666246","120","120","3","2.80555555555556","5"
"36.01666666661","120","120","3","2.85555555555556","7"
"37.0166666665955","120","120","3","2.83333333333333","8"
"38.0166666665809","120","120","3","2.82777777777778","10"
"39.0166666665664","120","120","3","2.84722222222222","9"
"40.0166666665518","120","120","3","2.82222222222222","10"
"41.0166666665373","120","120","3","2.79722222222222","8"
"42.0166666665227","120","120","3","2.83611111111111","5"
"43.0166666665082","120","120","3","2.825","10"
"44.0166666664936","120","120","3","2.81388888888889","8"
"45.0166666664791","120","120","3","2.80277777777778","8"
"46.0166666664645","120","120","3","2.85833333333333","6"
"47.01666666645","120","120","3","2.86666666666667","7"
"48.0166666664354","120","120","3","2.83333333333333","7"
"49.0166666664209","120","120","3","2.825","12"
"50.0166666664063","120","120","3","2.83333333333333","8"
"51.0166666663918","120","120","3","2.84166666666667","9"
"52.0166666663772","120","120","3","2.84444444444444","7"
"53.0166666663627","120","120","3","2.82777777777778","9"
"54.0166666663481","120","120","2.99583333333333","2.86388888888889","6"
"55.0166666663336","120","120","3","2.82777777777778","8"
"56.016666666319","120","120","3","2.82222222222222","11"
"57.0166666663045","120","120","3.02916666666667","2.825","8"
"58.0166666662899","120","120","2.99583333333333","2.81666666666667","6"
"59.0166666662754","120","120","2.99166666666667","2.825","11"
"60.0166666662608","120","120","2.99166666666667","2.85","8"
